0,1,2,3,4,5,6,7,8,9,10,11,12,13,14,15,16,17,18,19,20,21,22,23,24,25,26,27
1.298305082710673,-1.5747131538160564,-0.529117869340508,-1.7089051863000941,1.38379847552118,-1.0193754019456134,-1.5197825812873158,2.5896397505995483,1.14105971557349,-1.7078865476896143,0.03140466089767763,-0.8249200433183372,-0.5468197021288649,0.3377436228835945,-0.05744000276558049,-0.6414507541278769,-0.8391839168688142,-0.5702018087204699,0.3300189057665957,0.7756143033944012,0.1585636794868516,0.06127036522803296,0.44039227003731085,0.38162716493510673,0.1124110851658987,0.08092971604552021,-0.16792656977274042,-4.440892098500626e-16
0.7087541586425468,-2.3515292682302458,1.1971222906481882,-1.5496007855912248,1.5242004432570777,1.0833375318271596,0.1795109340437053,1.1397937656464259,0.9394037710934584,1.5830076511450732,0.15540497568291245,-0.4938374215875151,0.4906498717985991,-0.5401552416442965,-0.9192595880791661,-0.19026443899483717,0.12975947909344407,-0.09226816489804837,-0.022317022267601225,0.9074173812895663,-0.09157898645915707,0.11363086442007339,-0.12944989842118493,0.2759594379505502,-0.009926472597969777,-0.2532993695143307,-0.06648346299462976,-1.1102230246251565e-16
-0.6358021928692338,-1.4756722897474794,0.0362759604666114,0.45039736069417535,0.12237408530104972,-0.7778158880333452,-0.5156217678660964,0.05245784171069004,-1.827213173360301,0.13088820208067814,-0.14998157791850691,-0.4615421049222762,-0.5972111949639544,0.35715905714016866,0.3448364139418531,-0.41755493317460174,0.3302437163432887,0.19936462423842283,0.23010293413851468,-0.12020570235625758,0.0474284036683756,-0.05617986759409381,-0.3067141435198421,0.012726629531232013,0.21115327539133363,-0.12984617444396268,0.33043573889784894,1.1102230246251565e-16
-0.877020705166225,-1.6691600123505326,1.3530612281271226,0.5433744665323079,-0.511710375842709,-0.35424628505842937,0.21104904238335478,-0.0623109387365199,-0.4669908317420832,-0.9845780928320144,-0.008425748779426272,1.6381054603204706,-0.6482153639936099,-0.5301512649926241,0.9344340809453207,0.7832725729977503,0.19018181693567196,0.03284641655368548,-0.2340807571824747,0.10662534050970575,0.20769034402121184,-0.20095570707052388,-0.23491412885356364,-0.16314305335495002,0.4056135111052044,0.039018600418858906,0.18540743229057055,1.214306433183765e-16
-0.08456378901310724,-2.0486364517824236,1.6330709498975953,-1.1844559677111612,0.46584547096746626,0.8425939827558543,0.2228696841455986,0.38328738216486885,0.30365798263965244,1.0068824655040198,0.1674761028725755,0.44660100650552387,-0.18104171358598065,-1.4469612153725273,0.3577325345262985,0.6712234470670646,0.6378451126102015,0.5516607702099279,-0.3649186132173706,0.19542035796975624,-0.24505969419019774,-0.09100336609634421,-0.3345133883768143,-0.05033559545142218,-0.16939890573067265,0.03461217476205575,0.04403820029339969,2.220446049250313e-16
-0.21533333198669904,-1.6820057169401978,0.34254665955503794,0.3888353695662423,-0.22963217092358404,-1.047828408508404,1.1201997728565203,-1.2826744752966686,-0.8055809273200566,-0.04758243246388829,-0.2720508563137758,-0.011827004205597423,-0.4908699754912104,-0.7163115645674405,-0.4019087743061544,0.23191500181695865,0.056997242367407525,0.4942435516207342,0.9049327541211392,1.2820829567345182,0.09302717375358581,-0.05963267567494576,-0.43291729103099863,-0.030031402961149905,0.008840935175317366,-0.17004324892284925,0.17691467757009305,-1.1102230246251565e-16
-1.1620796590246076,-2.26832386544649,1.7175310741148153,0.9576570412341177,0.1361086600545913,0.33833496454844486,-0.305616894697657,0.14017047169569916,-0.2867176254804,-0.9418014396101302,-0.4520465059666714,1.9213683204289462,-0.04028097396859235,-0.43265805217371234,1.1572293324357859,0.10917425607872312,0.4554517634405405,-0.9560329168188795,-0.6771849266208484,-0.21911461989290187,0.22248425802173194,-0.07352926368745585,-0.008335222532441797,0.06731833742567972,0.7336564307724075,-0.15541259284276998,0.22665458670364835,5.551115123125783e-17
-0.10619680797343926,-2.84432593713306,1.568789491205697,-0.8512261621669835,1.007940120521602,1.8042029220358358,1.1467212331113978,0.8077279439124404,0.5050242661509867,1.4303274260956784,0.027945141489160035,-0.5054262660908276,0.8340119796793778,-0.7276079226431109,-0.6150636524883837,-0.6332333616056901,0.24193177735214635,0.3066816758671362,-0.07484729574827721,-0.05182177115288195,0.06538032457842345,0.05054368556629084,0.14564154754291397,-0.15563160657834563,-0.28963899570852764,0.35185791052553217,0.02439914895000106,-5.551115123125783e-17
-0.23542760450576422,-1.9262699443725184,-0.3464467632243525,0.7410536108835731,-0.33788980122852813,-1.132417415969883,2.0426509128453665,-1.7210623415663455,-0.44879266445224053,0.33426573466298676,0.15559652050477624,-0.5159869861760543,-0.0997708190970487,0.2480289900749528,-1.2859937419793575,-0.2527891406526313,-0.2522556892904598,0.6156957364050066,0.9902992300087932,0.5678655341447527,0.5673239874474224,-0.19238613225024134,0.023013948712084814,-0.077369724325451,0.030091388491708393,0.1609236554125922,0.005450095909270231,-1.942890293094024e-16
-0.29242756912485846,-1.813366776922779,-0.44880488816082986,0.7027037178800427,0.43546890970321983,-0.37971525281294866,-1.2510906574997507,2.031320962353877,0.6121796349103217,-0.9642671977391201,0.0951606963914431,-0.2205061860832858,-0.08711745556295772,-0.9942964221610692,0.17139334990403696,-0.7277659239236375,-0.15296410999980012,-0.1953389622019582,0.1499443147580688,0.1915471877460155,-0.00877136272267376,0.23276090973366648,0.1695588536580828,0.16262890370938238,-0.016347211299743203,-0.00416748105861614,-0.0632319889936455,-1.1102230246251565e-16
0.3524465315599478,-2.2529999268404732,0.8158185885004168,-0.5620728510465375,1.1634153654160346,1.695769944184709,-0.0024240498596435614,2.0108417444875513,0.5549780969611555,0.3845125676641776,0.65637151724639,-1.0412497119764155,0.8113764255139334,-1.1002655455072934,-0.06680985423833995,-1.2045177742592186,-0.5236853950326242,-0.5528735406280243,0.2845671789488894,1.2124574641054486,-0.5510994827782733,0.5299277013668889,0.2419664413161379,0.03924567104439295,0.1748677894329192,0.01194867424401136,0.07300003886287074,-5.100087019371813e-16
-0.6526108091325514,-1.5915620986854155,-0.12845435972806557,0.7337494696788042,0.3342259346719021,-0.5663423519889974,-0.006996539850004707,-1.2199354814491552,-1.7506910190937877,0.5893960242969266,-0.0030662652846965848,-0.5912770955174029,-0.8035278203042437,-0.021449218591405944,-0.2684623902038375,-0.5587505128169251,0.5833850059278374,0.01392135350837587,0.21341006057679857,0.08844561204107956,-0.032950612259169655,-0.15186818348202646,-0.1546410560951061,0.12859781909702345,0.26106540767673814,-0.12746447052049367,0.2990251022855734,2.220446049250313e-16
-1.0777993121996072,-2.1774647686549615,1.0384338765336425,0.6032088425500751,-0.8334390103484777,-0.948250703357368,1.0656334320275298,-0.9194880368472561,0.5098327444241371,-1.2543225803303748,0.12486017618097923,1.3246779058006088,0.003926309759103934,-0.594141075539398,0.19383279374164383,-0.42103111807390053,-0.16179298164279357,-0.3353357751441834,0.3411950428246848,0.40663696032329777,0.08598411026976054,-0.11779197602802888,0.1020498141384221,-0.14083589280683084,0.4536809167700999,0.0004438195902706221,0.1547802440902014,-1.8735013540549517e-16
-0.4080598333244685,-2.541610832992483,2.0168377858901763,-1.306380448962841,0.40353031097596725,1.5553958834933124,0.43148827555780944,1.2163300903945693,1.327919498086252,0.5270893754583145,0.21171893526686839,0.6715315557091143,0.47411925137145444,-1.440306156491074,-0.15743659562904214,0.16506538184584896,0.6275965256456396,0.1549794611172845,-0.145586459443895,0.07048444627135318,-0.17362866691062817,-0.18249448916547495,-0.13410416475145523,-0.20838015554368847,0.03931350792625739,0.08153947949973006,0.028707167021268853,1.1102230246251565e-16
-0.5987791614501904,-1.6773129391312294,-0.4926942237447589,1.1686270120081457,0.20844593341175802,-0.6096538551019896,-0.44564615438089666,-1.1540950139614836,-1.1719142227932486,0.7764971777622838,0.12025862703120423,-0.7279829792369897,-0.657836556634569,0.13081934025748454,-0.14601660345725234,-0.5088491613840399,0.7255777389277306,0.02431884430798504,0.1370225303784215,-0.5526398221976836,0.17714812614803688,-0.31887036980340244,-0.22821280230317512,0.2348920817562062,0.1782094467997919,-0.007547989163664295,0.10082799199156456,3.3306690738754696e-16
-0.1173812547546696,-2.381859830058809,1.3504879557099758,1.9539556082300393,-0.1610867813346274,-1.0564496031672725,1.3268214449968134,-0.6329641974616153,0.5699570480524507,-0.9012736305148268,-0.07923323968244066,0.9691595642755816,-0.10633957359583064,0.22282695054761456,0.274095156104459,0.09462474452743473,-0.4562146869301348,-0.3457445713390165,0.9012817508861201,0.3663109500028766,0.04343322401710735,-0.1158417032203372,0.09221831951489551,-0.1872696498345688,-0.007544502125927527,0.026564458537324087,0.012287759321585157,-2.220446049250313e-16
0.07635932955910205,-3.0560175235343547,2.633466781840751,-0.4881117534027723,0.9856843732388726,1.337229413658518,1.0738350276740394,1.0239948325825834,0.7350594653103859,0.7131105046602989,-0.20057634892993167,1.1979090859591341,0.7874846679066909,-0.7623961028071043,0.021430810123150193,0.3268910865933687,0.5693722735761173,-0.30906773237857016,-0.3240611175011485,0.0407613734822642,0.04227493797561951,-0.004043266701669983,-0.06841655248858852,-0.0602834072160869,-0.1012692286184762,-0.022823518888215877,0.029720355089192213,1.1242642937051467e-16
-0.12653341797942377,-1.7567298230719468,-0.44600263145153723,0.831875186907941,0.7049072358579558,-0.5280500769806448,-0.14899102225124344,-0.8553083544068161,-1.670954961163342,1.234886830498486,-0.09680148408477882,-0.70261874654691,-0.45318338438122224,0.8576330960041448,-0.30296089109897684,-0.26905993934389133,0.4879708646602832,0.0706115663646851,-0.3107899308096089,-0.7605484235098536,0.6162798759650955,-0.25010413127365627,-0.10886601690866538,0.35102090168632466,0.05247339619328086,0.04061302825820963,0.018295220947746868,2.7755575615628914e-16
0.719136839722101,-1.6535689221602616,-0.4797399468301839,-1.4947874697513872,0.6873679598062682,-1.335634916608941,-0.9405618448902094,2.4200778750986918,0.7821996838892749,-1.5770828910464,-0.21108809425233996,-0.6853113334784597,-0.8257441210004645,0.8637079985324907,0.3362618151163491,-0.7559224505719225,-0.015875541924311,0.2558165009288954,0.26013328759980486,0.14176032282342654,0.21528648713236662,-0.12423279979610037,0.17306626409648726,0.013978195717708392,-0.09254184839731888,0.1986387778711871,0.11941281626174816,-1.1102230246251565e-16
1.2134041331127392,-2.8353568479210853,2.090900891137424,-1.8942902874989578,1.575623824960529,0.8228622742617266,1.6643354187970814,2.993310299195429,1.164348600562803,0.662073054812846,0.26316103620757053,-0.11690674401622474,0.8621527532133144,1.3824609834111876,-0.558472787050994,0.1651393563912247,0.20020120804682928,0.2949701650719577,0.723661848791084,-0.0025574943960797146,0.06006909656487101,-0.050124724867744025,0.03853238979115275,-0.43857328947342017,0.10076352718089056,0.017189193011967224,0.1942777775287967,0.0
0.41792890381806785,-2.1343760064271247,0.7253979801185204,-0.42774035512778014,0.9513829730266461,-0.0019197780651080431,1.0942248279268683,0.8864146416805204,-1.306936592820389,0.9551342136666412,0.023235226498438875,-0.28112831978733155,0.5639235877185512,1.4605228687342917,-0.5185447889060898,-0.14075665743398375,-0.21519210541503225,0.200319825696454,0.0981295244359096,-0.38714810434864366,0.5153582572248856,0.11933668907975997,0.1164064638502103,-0.008670873204595139,0.010861432022719969,-0.05447395023582463,0.12932304445643766,-6.938893903907228e-17
0.29526515585284707,-2.6219428957992954,0.3282187881416634,1.5020767661335348,0.24557113363341468,-0.9323327950721967,2.1274211209722402,-1.584920396564082,0.22725506554406544,-0.5030646383448915,-0.3865195271969599,0.1810582122262225,0.004502314492236451,0.267254876449058,-1.3206144815470715,0.505401500431224,-0.452677206659823,0.07429919326885884,1.4546998919213259,0.5206558312831521,0.48971591267383896,-0.1912950030523348,-0.059813676810767935,-0.07162574558971926,-0.2571549897716139,-0.17914074808848532,-0.091343094097218,-5.551115123125783e-17
0.348591731699259,-3.4152624361276596,1.8162427207850802,-0.14041996948787377,1.5037242207800388,0.6982988646887037,1.3455009699400728,-0.08840022109650242,0.13821410136764334,0.16558743709459955,-0.7761690393902727,1.4470280950903684,0.5514062578083074,0.8745647841356176,-0.0814618324788648,0.5288237996620693,0.17243568614752786,-1.3730279970715824,-0.5738252176053178,-0.9501359924743552,0.7542251487826418,-0.2179054603418586,0.2424498025274,0.27336935730435136,0.40510292905436174,-0.1563672112024755,-0.04148794655818627,2.220446049250313e-16
0.5065102519852872,-2.3345491431287093,1.051237460822621,-1.7224079639576726,0.895887913460052,-0.14818617186027422,0.02261550060709018,-0.24901079315387242,-0.0494742444711964,1.2269113353630254,0.07654857725096777,-0.5821986188845631,-0.7320870184254286,0.35434697707118223,-0.19902440370147828,-0.36033364643176713,0.8281271107988052,-0.3293816056100512,-0.13011647102443022,-0.22837495360320179,-0.07554740117239729,-0.40298834175915177,-0.13415778939024756,0.175220305492318,0.0011800540055840747,-0.02694510147506904,0.11002555280193835,2.220446049250313e-16
0.2063860756105527,-2.449970973908762,0.3770343233641899,3.307812785821339,0.3732151523338657,-1.052573508689252,0.5779660100696639,-0.5632073476294903,1.4380525396423767,-0.479794366699441,0.46169446339769105,-0.5338116754433468,-1.02865342872881,0.12834396360636657,-0.1668365052315036,-0.17470189331772734,-0.09113454584902116,-0.08770862537794845,1.7915916192782382,0.44104536422920254,-0.4661959142400421,-0.27197691759826487,-0.15984501598544879,-0.28315233187295946,-0.10235806580955913,-0.06686830517579759,0.01532921393780004,0.0
-0.10559439536600272,-2.8643587785684828,1.256364537206705,4.302592546783521,1.5221043263684917,1.1962815908418123,-0.7910837356065736,0.6437122220608555,2.574096228577173,0.7686885416019411,0.9134491060108157,0.31844007643883143,-0.817585792761922,0.8235787520174455,1.1791918488580098,0.16556368780662195,0.6940332175800046,-1.1623518762277891,0.2261347551323362,-1.397455058203456,-0.6608687750810579,-0.37875142275640294,-0.16725816663390386,-0.0452247466958936,0.4489969489300334,-0.13257990944243636,-0.06596562976904746,4.440892098500626e-16
-0.4997729629642368,-2.0627783761539535,0.1499505910440293,-0.36239808316709593,0.267637123102984,0.839263067846198,0.38407259932749477,0.3768213667740001,-0.9139818543624534,0.8066424985956624,0.22377225941094972,-0.7731256815028971,0.2602386542177493,-0.6322828183459138,-0.302973663017057,-0.5497025893582369,0.34862033582038227,0.930536999309161,-0.20371312252577056,-0.2097714815900147,0.2969102232113409,0.025274648307427077,-0.008418416501172367,-0.11642889647477514,-0.0837849913152332,0.2954086177176729,0.12108937923815868,0.0
-0.4486265165372337,-1.0784978597257278,-1.8340205713944704,1.46339969229071,0.35202122568577016,-0.7991583903613225,-1.760745356083864,0.793148225631869,0.4023491774605439,0.22534623535173187,0.6935295247029354,-0.772184930268762,-0.7416482655089337,-1.030812500733579,-0.014488946754632385,0.14157902705376424,-0.15364323353380052,0.4396231094419347,0.367264817441263,-0.7895455485556219,-0.38137165479281915,-0.04308394262234513,-0.26409746391519445,0.4499929075922588,-0.001308277067340602,-0.21548742914513447,-0.2719566841176095,2.220446049250313e-16
0.16942972764494232,-2.492468830348931,0.9794935444071099,1.3393887990167717,1.150175936233379,1.7175316352653707,0.7214149767449568,0.7819046760091407,0.532427005025457,2.132808123533773,1.0271486233519818,0.13183465115738383,0.8362879909805508,-0.7847650091447442,-0.6999875050483739,0.3192640255808215,0.6201344414808185,0.03135164729100468,0.12181334124298451,-0.2846566242904893,-0.3417873063050386,0.10703581904001486,-0.3597287939316953,0.22026278111222894,-0.0431102196081319,-0.40189638068600586,-0.18055227425519738,2.220446049250313e-16
0.9095362590722242,-1.7813047695876174,0.9334681589428165,-0.8150200202460319,0.7509557148742024,0.4017831049247793,0.5627379000432741,-0.4215428130123721,-1.17709102209547,1.2741592978808467,0.37416308827227907,-0.04350832666154201,0.04587649374250685,0.7138123166285107,-0.1797478949065911,-0.5042025264489461,0.49388411824219886,0.0780446414338371,-0.486075907845783,0.08437833744413412,-0.09890059452127206,-0.46443505665872087,-0.1530884619916855,0.5542836730799852,-0.04766641173660521,-0.12638909452166644,-0.1254676056538099,1.1102230246251565e-16
1.2249676992079477,-1.9398743910679377,2.033164981787734,-0.018664168199721463,0.315854919276789,-1.198762975954306,0.755229106978862,-0.9416322532487849,0.19941961109259826,-0.6035427435295673,-0.49799307503723106,1.288397894517563,-0.5218167231300508,0.25537690454652917,0.8562165898209966,0.023668342083158274,-0.2639670035608138,-0.5796754002159695,-0.15340779590879491,0.9812088258637357,-0.13644578237799432,-0.5481645221983822,0.11310663627856975,0.4667845948395148,-0.3119576769693614,0.10279936679254464,-0.269214571294313,-1.1102230246251565e-16
0.6267812502520242,-0.8775945365236901,2.6369318002739406,0.5224056565950645,0.331535601289105,-0.37842765118404403,0.071884201604777,0.5484567286261727,-1.6043131863766291,-0.7193318395815325,-0.9486347476146965,0.25634903081244587,-0.10819462292833305,0.07951325281281273,0.8959458848758051,0.3227902043950436,-0.37196222062146744,-0.18318484133716045,-0.6937885255497788,-0.006255644742800584,-0.29828354447971017,1.1593692237101483,-0.5585502197360688,0.21170092202704405,-0.3100281103512562,0.0208054563427964,-0.4402288712961576,-8.326672684688674e-17
0.6278883686199271,-0.7662666390320952,2.329861478934774,1.6164793499027246,0.4556473540084032,-1.2241087942482287,0.33062793599506074,0.6360583471660004,-1.2882179198999595,-0.5107203521807898,-0.9468353751087771,-0.3157333826269471,-0.5652221965449975,0.8241300755521301,0.5111421170345186,0.4527333219561131,-0.5540012978685884,-0.3435031393224924,0.39493994486980555,0.13846313943381747,-0.369144000053201,0.8904458689953475,-0.5338310348308585,0.3498719697959325,-0.5072887877795954,-0.29691467498568386,-0.01917699488540303,-5.551115123125783e-17
0.1999014972530429,-1.4464389725206825,1.517932806170616,1.1643828634126094,0.27379592022131505,-1.2092761095659366,-0.3325234016500172,1.0130329994404346,-1.0331152489228923,-0.5654574214760518,-0.5518551209506095,0.6319012548897184,-0.05416851710888664,0.8096781513286663,1.4775168398239313,0.037295741937040494,-0.5451898498885328,-0.7224038133971447,0.2799689650361426,0.21079036783132057,-0.188427441552927,0.4727016339929649,-0.05353314826738534,0.022467249223568974,-0.841410743854552,-0.14914317238331945,0.10373446352280541,-1.2148694809533058e-16
-0.002217845732597145,-1.4033515565638486,0.7114509307848927,0.24407665038018217,0.32118894244775786,-1.0343903300407593,-0.01556010964959152,0.46054732014274324,-1.5475437606391491,-0.30962915082144743,-0.9598149416434633,0.20577190694633643,-0.2757030593607492,0.3626875751949044,0.7773669704980763,0.15680470270903865,-0.2981742808577189,-0.16981674928344564,0.31825732207189344,0.23180530229748147,-0.07822426067552606,0.4177107954898758,-0.45993145385178935,-0.09178962417128646,-0.5152032793336672,0.011083967397153598,-0.033168786994593635,-3.469446951953614e-18
0.3591295062737528,-1.4158053130627641,1.3924317890409148,-0.5147621153343361,0.4260312083274789,-0.20351898404329666,0.3937423402784473,0.9180915807119404,-0.5832360733647286,0.07463950903887431,-0.776478347412169,0.9558408354746982,-0.19937024560148667,0.5718662070353439,1.0794061137211957,1.5650754114102672,-0.23285170404676914,0.1712722040945958,-0.1891529358600087,0.02492078066474522,0.3101125601456992,0.07002239340033839,-0.322412626923749,-0.1629770128137482,-0.12928865358102148,0.037283845757736245,-0.055933272414410096,1.1102230246251565e-16
-0.13968248143674336,-2.087441300062033,-1.14613018901391,0.4062420628537355,0.31990038459673764,-0.7526076351863923,-0.7734058967105405,1.534075158992559,-0.021374052061933175,-1.5918863290338656,0.015696376503164,-0.4822919583941867,-0.7591382060580382,-0.5424117784098126,0.917874756380595,-0.9411314874096792,0.2050469572944434,0.3648521414778267,-0.08966633362482006,-0.4413277053279347,-0.07059397224662334,0.22013903639094903,0.0015723453368624645,-0.06353709101610736,0.029473850512949595,0.2208694261384073,0.03221272169393388,0.0
-0.9026464150805312,-1.463372918236886,-0.5300976004065785,1.0467575585420295,-0.6956608730159646,-0.05067073692121801,0.7606612327651671,-0.537474678810563,0.03195572578365032,-0.4268650900485294,-0.5768586035078535,0.023811268873098618,-0.9085177612567391,-1.074541342594105,0.11042899613046474,0.571439629639137,0.024240836930270186,1.4459121313708927,-0.17470713480804242,-0.7459760729306761,0.17054291548443617,-0.14219088100322622,-0.42807593267368355,0.26618446798612233,0.24057306255180638,-0.035807407855929174,0.022193887275633276,2.220446049250313e-16
-0.9521181664484034,-1.301316934946175,1.9764427801345703,2.5846026307654357,-1.6428021151297398,0.8582680138962099,2.5627828152653973,-2.356769133541522,2.681676871891302,-1.7494810025838532,-1.3294625922930297,0.003470587831365,-0.6126194867041039,-0.7439991317462976,-0.9967411488283889,0.233482176412947,-0.9952704357098598,0.48913047269395216,0.140082165249571,0.2980612917170543,0.6316659970567808,-0.06426854026882992,-0.003926535205152694,0.41733349754456817,0.19410365917759095,0.24853385409892206,-0.20583616896490814,-3.3306690738754696e-16
-0.34709083347250513,1.1148782823126355,6.067052257026145,-0.9731242973023326,-0.11808246634517809,-0.45732773371459107,-0.904118439389626,-1.4082050860041184,0.19911605032851146,0.8619180294446052,0.04613483691412182,-1.3281818181824472,1.2166096879254946,-0.7316053726147622,-0.46437383556745965,0.24063757868486968,0.47475992881823215,-0.032898384346344886,-0.3526584358019996,-0.40066390845899463,0.05156751289743034,0.2447623734535855,0.46117077912000887,0.39598406446443457,-0.10117789446023773,-0.20085308749873054,-0.24198946108055208,-1.1102230246251565e-16
-0.39638762962760005,2.537910308125028,6.576676500959225,-2.592009338420215,-1.2332616004980659,-2.135018612783319,-2.052350669873834,-2.2717147725321194,-0.1295478833666001,1.9927912952306537,1.119046119221332,-0.7743936279763877,-0.5140252306002602,0.1442341556561262,0.7428612706561075,0.3338148885312725,-1.145973502459907,-0.2990825939277869,-0.46833476129965285,-0.04345759899960931,-0.5634678539210871,-0.4216824741058425,-0.08131019329409123,0.2644049956243133,-0.20651769699440647,0.09907470575860855,-0.2749318998153383,0.0
-1.8761862085633425,0.4777345187146087,5.153920614814888,1.4512019812451291,-1.2288252509820687,-0.3239910722992206,-2.7601810750483797,-0.3459575659035311,-2.241810674767294,0.8367336109677554,-0.09196508324491348,0.15812189497436738,0.17617783578100157,-0.7494857516647969,0.556331988006597,0.3228778261497176,-0.6642849326805069,-0.16761834575785825,0.6396935104314577,0.4049572698215475,-0.41775731157744844,-0.018395094881173545,0.01285564527489577,-0.4421011237412382,-0.6775740623169986,0.1042258240909244,-0.014856368030064682,0.0
-1.3649138277882653,0.3476664406937194,3.906482117656733,1.0913660468722632,-1.7926509855376527,0.3295070626133733,-2.863023614765009,-0.20131492355058,-2.245315527666406,-0.2896200853637653,0.5664367732663262,-1.3956369810656404,-0.8291801079715421,0.6083151641960206,0.5734904239593953,-0.5675630292488077,-0.6723436204701007,-0.1253916298444464,0.183757733855603,-0.02377590107820559,-0.17240237428567018,-0.14933023795384873,0.49724236871484523,-0.3549391288165794,0.6935097281698848,0.005792931430679993,0.1419286794893861,-1.1102230246251565e-16
-1.5399165321893613,0.4071435377188822,3.9757864511395242,1.3288633127993354,-2.046774003009146,0.3502212990880535,-2.1399436880366314,-0.1140216591475418,-1.4725683038062787,-1.3624464445536466,1.2151674204851852,-0.12947715767981652,-0.3857845861426109,0.9259797603140585,-0.6260759370508339,-0.06857548069529033,-0.04709439435656669,-0.07890758653033618,-0.12040065300613081,0.0794832834041586,0.9790815956968976,-0.5159768121945048,0.847485719865988,-0.5549221000700757,1.1632603015425143,0.06839787726961849,-0.0278132669517292,-1.1102230246251565e-16
-1.679413000134623,0.2506555932039939,4.736379766159975,-0.6822616031432289,-0.6974192633527353,0.6908215302570957,-1.3078364618511022,1.6460306248254257,-0.21777986792209653,1.1810885984514927,0.507133258905307,-0.5085949543935896,0.8784670784835896,-0.2651224589558871,-2.0539121951766734,-0.1688232484713357,-0.29305575115440086,1.6742541360368168,0.09569425430721218,0.28677079801186767,0.551691302164385,0.002038190645044524,0.3844453588651052,-0.4763760300977177,0.16029906037231045,0.21350428942570251,0.010029170905146878,-2.220446049250313e-16
-1.0409942697769485,-1.04123851881271,-1.2323746044749937,-0.19037320655269555,-0.304924578901121,-0.43624868565181063,-1.3387331486505842,0.7003851346328547,-0.16756237109533545,-0.9825696192375577,0.04682367821570764,-0.6548121373932557,-0.04664432262693618,-0.48029382073312393,-0.2911142734433036,-1.17808280391297,0.38389198084886206,-0.1389888459751695,0.03202167177244392,-0.11849382836663654,0.30041321220098405,0.019153523156515525,-0.1261529218757771,0.10138986996614358,-0.3459652972287398,-0.20211089106077304,0.0491420345918028,2.7755575615628914e-17
-2.674869258207491,-0.007965324745032917,-0.8947724130446322,0.2720761501524984,-0.15535690481823677,1.8605999828557926,-0.5929887414240498,-0.9051036190079711,0.9253911335172702,0.6251720916726019,-0.9923184352596411,-0.6751619648274357,0.23845039246571562,0.4125737605871715,0.378876023899752,-0.6985278861604586,-0.8190716318371788,0.48601602702725716,-0.36300556092679215,-0.12660985922588863,-0.11516559037300103,0.03902295456237945,-0.1945027305881782,-0.007775785822366289,-0.11036105773954098,-0.23005431533039775,0.0838865436977961,-1.6653345369377348e-16
-1.7320557768776814,0.052016430978011736,-1.120584521442065,0.19597405044786684,1.1225313797831318,-0.3106638173216841,0.6264603001996879,-0.49640559724904376,-0.9081898248376623,0.05221276169838404,-0.6380310264545005,-0.4167166404966802,-0.31088873699080893,0.09880797050289362,0.5648259561015568,0.2504198831964776,1.082245422594353,0.8567542610665781,-0.02545909065705544,-0.38628371577661846,-0.3185921730310789,0.2980856531716562,0.8279751385680881,0.07436335500000561,-0.12730297100969623,0.19854093987255356,0.00720147184635608,2.7755575615628914e-17
-2.3499404349676287,-0.10789554077437326,-0.3101139130021561,0.25196438528065734,-1.0177372186093279,-1.5991930235188427,1.5453076877443446,-0.21478325561465486,0.7719658616844564,0.11639243385861088,1.4254700091573185,1.1876261300939348,-0.3713558531054518,0.005719834562216214,-0.1949681559023349,-1.0784868519030941,-1.4245500260125252,0.8114115070346406,-0.12681427412929405,-0.24632182003513559,-0.5230501261545828,0.3826574265466391,0.23959955122493448,-0.03526402758538312,-0.0721743476820757,0.09281506389494308,0.05240618221317151,-3.885780586188048e-16
-3.5115635697803813,0.33004933587392044,0.19751077178546436,0.7627189457847261,-0.8930941779567879,1.5040285597048166,-1.1513523849965004,-0.14884561368062502,0.9941225390713766,-0.6842656891626726,-0.353813783030444,1.3348710478121928,0.08888885403274294,0.39839430126228936,-0.09657632608233051,0.44856619768681993,0.9264725679415794,-0.21454089115769437,-0.0024724291895990565,-0.5030167187947102,-0.31696626049021864,-0.005149775000166718,-0.06150912651651738,0.026779140516651635,-0.046356376569508737,-0.03318007844860332,0.10093807217395864,2.220446049250313e-16
-2.063383468471162,-0.2789768500639468,-0.9186611088272006,-0.024026255327586524,-0.2785709490148388,1.7451513350888832,0.6769663811771538,0.17464693875662365,0.15370553554810476,0.8393815943575572,-0.8788580457935536,-0.8341025764668976,0.012445553943588239,-0.2284687535278312,1.064513772771447,-0.006702184561082706,-0.42065830554477157,0.8773808291672712,-0.26104452647955617,-0.026885858370723707,-0.15789965321814758,0.11310004172088695,0.023647551784103802,-0.22308364438173653,0.14368280481250922,0.34233427860916543,0.10607856519785502,-2.1559661214743239e-16
-1.3205952446840488,-0.1103375944047332,-0.9125523533204514,-0.6158850875486156,-0.8386150850228808,-1.8414848671622437,2.259816246875869,-0.7776061530849475,0.07418780395551451,1.0970440258953458,0.8789170735107156,-0.023090524988266217,0.02612504131450099,0.3103857443885497,0.32492260785079274,-0.3559854645272034,0.03057897322127972,0.26358671862252253,0.32000225483910855,0.46566742819072104,-0.3728617926644444,0.3778404665531859,0.12798441323657064,0.13688244534091365,0.33460545344347326,0.2939629480996129,0.10740215212516885,-2.498001805406602e-16
-2.840777367766145,0.05953217295857225,0.15253847704878565,0.07049222600252952,-1.340967272239368,-0.3933354310004737,0.41277857114739813,-0.878006663332336,0.4178504309452528,-0.33726277049854897,0.5088580543882075,1.7782197368241708,0.7223644167095739,0.5392583943474247,-0.36881238110185705,-0.3418575774846884,0.9504531115890762,-1.1878540039426968,-0.22220950747190915,0.10945036144615886,-0.01437720795846736,0.35884675743073124,0.16489577244199305,0.308734202905902,0.11256941067341271,-0.14414301452961364,0.08030844090478248,4.163336342344337e-17
-2.8336892927777773,-0.7626652601312439,0.1564740786760271,-0.284411451566975,-0.40033448125952414,2.9897271271316215,0.24188259814083996,-0.42880637253930187,1.0685054396896714,0.176892778169179,-1.0368609929128958,0.1425083802391076,0.4221451254760289,-0.02297776757656547,0.6941423510755524,-0.3218885100260624,-1.2212960490993165,0.4689198910678642,-0.4878281748847244,-0.2803944243213449,-0.28053233511470727,0.119643710175256,-0.16262847419060253,-0.14920982820528272,0.08565451633964852,0.12310434131740519,0.17571935172567446,-2.7755575615628914e-16
-0.8909710129599118,-0.09885505215146652,-1.5416702121222563,0.13758703076896567,-0.2611661811776756,-0.6802718968080668,-1.953770080598753,2.018035419565488,0.5223584614620154,-1.0765593288057984,0.31340351496599955,-0.6640919685685469,0.29199275824324855,-0.8372847475840269,-0.34632836979836773,0.029397362346910372,-0.5585040568773592,-0.20136556446088627,0.6313195864025588,0.13630166212524233,0.3208975997738532,-0.0156674064301599,-0.01233296062956546,0.025074599632093412,0.049834599122200895,-0.21163736350216156,-0.27284562998485434,-1.1102230246251565e-16
-2.5298915621475464,0.4284751807296873,-1.2401565558569467,0.2809392105983223,0.06722272353197734,1.8077582947265545,-0.5024654057157297,-0.9406398877118716,0.741442473156696,0.8697558799411687,-1.022066394244212,-0.827905948531496,0.263783506231066,0.2522582443498526,0.39910381141884055,-0.7081263351353976,-0.8821558737139614,-0.5530122268204237,-0.37887322859834494,0.3045995379201824,-0.05657769383616445,0.024891452608282433,-0.23348202327929676,0.23628626556003823,0.09611475348012963,-0.2655369174222954,-0.018296647420518973,-2.220446049250313e-16
-1.2949432921380117,-0.22951945752352101,-0.7838872633338391,-0.5991905790722395,1.8925249267055788,-0.46704713632390804,0.8164756228055999,-1.5514273604342639,-0.783687075717411,0.1488043568473388,-0.4863812397659515,-0.5273721609175873,-0.7657334415576581,0.11317458211590009,0.10507166354390367,-0.40785129884815396,1.6017039956936603,0.18892899162065602,-0.07627300268771478,0.16667575213015753,-0.559690284013757,0.2159301209506907,0.7367130826834457,0.40634764345855684,-0.1550553321236698,0.08592204693943145,0.07559248240705524,1.6653345369377348e-16
-2.2311451491225327,0.0794969074687955,0.14637945275343747,-1.3111700179460655,-0.6790756112577322,-1.1462170131602534,0.6743238061132227,-0.9813068790802122,1.0960590663651673,-0.09685188404254703,1.0956255568762565,1.1387030652441086,-0.8602239828520756,0.4783791855209299,-0.7510839968947981,-1.4385410724264378,-0.38526207384968353,0.2736968626360995,-0.6684516583320133,-0.31278386729511265,-0.23623033556514478,-0.1173742544906644,0.24569465133749477,-0.002389908224582585,-0.544369056933562,-0.22130798132808666,0.012480457088158259,-1.1102230246251565e-16
-3.368772947378663,0.4715177937477055,-0.08384802210240484,-0.9914265977086654,-0.5444020893480005,2.1989992156378544,-1.1661702941725836,-0.9554721229187043,0.9962177714508078,-0.8292669619250024,-0.8372181241765165,0.7072064761437037,0.2249620604359797,0.5731341337410071,-0.5440767437705065,-0.1329349580250728,-0.7170503804668711,0.13616931954242376,-0.4005248437044697,-0.3461579293896159,-0.1089240978554806,-0.047023230171269574,0.12037779310543908,0.10671901398002738,-0.312826747361538,-0.18952388326316685,-0.02907837941578406,-5.551115123125783e-17
-1.4532225739657052,0.12064967697415281,-1.261376865495199,-0.6263654941013895,1.2194492285480467,-0.10553472754711052,0.43950329880719974,-0.37070230648196006,-0.7298293072778308,0.2698589666671608,-0.8503829026135581,-0.5335256739887038,-0.5431019078444577,-0.1367968364852272,0.46892799491119225,0.38397405823768055,0.5092964701893479,0.7063587980942796,-0.2719979531321328,-0.15998813526358932,-0.3192976252317717,0.22733190967178718,0.9068779026002465,0.30813773244102255,-0.013535462810166099,0.3166781141927525,-0.1379929144852876,-5.551115123125783e-17
-2.3325066800588248,0.7263965533427961,-0.15815467148075651,-0.7320246968152568,-0.852994836631623,-1.6395364270925956,1.3178735694720036,-0.004269804958359994,0.8898806421561387,0.14177723500068845,1.4895018272257752,1.3153526046854658,-0.6663979355398391,0.2530365465722426,-0.18291156197525058,-0.9703149814880602,-1.2788402697235874,1.23569932827009,-0.6595455062050406,-0.05305404861042778,-0.19756561589425747,0.13597552141798447,0.22760157789657195,-0.1501545138354016,-0.21821900226017552,0.11424197367693018,-0.004055024539704688,-3.885780586188048e-16
-4.50125858981197,1.1786874475219424,0.1281806871731996,-0.4031520141862904,-0.9859811188479801,1.3612490190926125,-1.446728211840823,-0.11292348142848292,0.40033609557750127,-1.6905578251773332,-0.7515849550048866,1.6265836899989419,0.2946561321205128,0.5776094149500819,-0.6402866439872442,0.41704429351618827,0.5734999482902202,0.9648631708699739,0.06789757147458338,-0.49778325571599286,-0.44960723643014555,0.1895266824270624,0.3802305172776765,-0.1198764150626294,-0.3286533786659137,-0.14943290652043012,0.16281527534686255,1.1102230246251565e-16
-2.340645382567248,0.731783661173329,-1.4000406213693306,0.3525007701881751,-0.1323892635893712,1.4580709417673463,-0.009674145641454817,0.17580865665965567,0.5376024482873903,0.8164448881039603,-1.0291494713931335,-0.9855164266519442,-0.24254911836517026,0.05644860599004335,1.0118790803399427,0.3715336355656962,-0.897095909128608,1.1127592176676075,-0.25665198339897516,0.0655228165622126,-0.0986886942414568,0.023751037906712166,0.2598731263439609,-0.18328305143920426,0.11025861016217836,0.3804654694833464,-0.10873175850727276,-3.3306690738754696e-16
-1.0073088449456857,-0.8309219775240342,-1.4149304098690167,-0.7539391510338813,-0.2761885394919208,-0.36038751177084943,-1.4141901574447315,0.016402166499851673,-0.3448706425985829,-0.34475937323155853,0.05204708241888434,-0.288392006144947,-0.28651086241624185,-1.1645912935466127,-0.7119021531698522,-0.3374257001588236,0.24045001772735405,-0.09318942702312763,-0.33772150305855686,-0.04252438207957183,0.4138427925994849,-0.058505973468340834,-0.28696516854028875,0.4505178654585854,-0.24454470566880118,-0.23167735080895935,-0.13778612532432452,1.3877787807814457e-16
-2.7647670755741127,0.624299062620009,-1.4056363035676354,-0.7337126639727735,-1.2577165360607456,1.5166840571701807,-0.8497677406425411,-0.20235884322933487,0.33565332507434814,0.14327538314620522,-1.1954513835386404,-0.3591427436694501,0.19849098301502943,0.3663737918326839,-0.06174385548625554,0.03669838976913776,-1.0144417680921127,0.08844660026889851,-0.28667760636380213,0.17052159777900913,0.30544243198061033,-0.046330936546191255,-0.2485461879908207,0.09168507665863174,0.007856926935548056,-0.11603466843188104,-0.02723244400978145,-1.8735013540549517e-16
-1.5953953966767616,0.34078262126568426,-1.8493053213581978,0.044226152815752894,-0.1865568710528324,0.4632142874793171,0.3363978988429884,-0.36537742000938556,-0.5296537107943097,0.7938107019926444,-0.7924995239098112,-1.0216352930224402,-0.20267333581738567,0.37074924911436447,0.3200866508221667,0.17260503797188498,0.43966059628879545,-0.7180567549678476,-0.05467885548768377,0.038815906693038034,0.13786169792294398,0.02496088512405994,0.27821571939335143,0.20943694541257618,-0.02860524350898802,0.05519154707503526,-0.1518999476484425,1.6653345369377348e-16
-2.0172918041507453,1.4144584126230462,-1.9878435156171361,0.11485617536240056,-2.452492467429318,-1.626650430605635,1.0024607513878163,1.1788398402890683,0.2661964613254855,2.118296378949188,1.2535158104651185,0.06472184526265373,-0.07265065104961484,0.4002130532984056,0.17385043291445754,0.08502960837135094,-0.17181974643570466,-1.167816996570018,-0.12152037460233915,0.0866257396779556,0.1298128944669587,0.10704861033677229,-0.2889211683687304,0.11750689801979289,0.26068804631442744,0.0022531186873342712,-0.21958552677374402,0.0
-3.0643366182892424,1.700425032671232,-1.2029785255708223,-0.38532976980186906,-2.622008384429649,-0.027259396431325602,-1.0027403141872213,0.9874869346301949,-0.05135160471423798,0.02793540458414056,0.7965861835815863,0.5648203270695528,0.4037321701858309,0.29175140858621706,-1.2721664680962033,0.7029338735148742,1.035912640595008,-0.5974769328074101,0.542309985051681,0.2897379115686832,0.22783655400270203,0.015280001740184283,-0.3762704039955419,-0.01684911542229522,-0.21188472815122208,-0.13483251331018753,-0.08802039298100503,3.69704489782234e-16
-2.7167270530604406,-0.19516614324032913,-1.326805939002598,-0.08598386945196944,-0.9505530446900802,1.7688458846140924,-0.45978058513215236,-1.4622122330460408,0.6292717172409966,0.10962723016610519,-1.311899285985011,-0.6556445498362582,-0.26465012674313715,0.4853692562646739,-0.1379098435030744,-0.7895642242936245,-1.3088311935050359,-0.3926416142984354,-0.12261250976435314,0.24166387864424155,-0.0670507101948726,-0.02157728426658943,-0.26488614656600973,0.2632925070935821,-0.011605933779409647,-0.07029586642890956,0.08060197896136795,-2.7755575615628914e-16
-1.3968481554415733,-0.07735212951472956,-1.5549467352540804,0.3979420874620361,-0.6211521200132735,-0.16324699736212106,0.5867027976651397,-0.22763351803581544,-0.4301050379328362,0.7534297170638596,-0.6936496227950774,-0.9012805983559791,-0.05663787609781095,0.37730397343501026,0.4046827923893346,0.4783160421137922,1.152643420231052,-0.18252572816413562,0.21428484043666407,-0.0787222989780437,0.27691975408755043,0.004656886628743512,0.3204317692917565,0.0499618273013629,-0.09149440640189899,0.4188657866786699,-0.10520608800526648,2.220446049250313e-16
-2.3924986118936364,1.2840076827247953,-1.6097232296071606,-1.0826905196301901,-3.312371193135411,-1.807604772734511,1.381250709235763,1.2661651260355307,0.07643734154313042,2.0384827692616585,1.1124009887097108,0.43761691754013826,0.2736135588138716,0.8280055724088129,0.6003997956024792,-0.17031912603325722,0.014097788712713652,-0.7284852794602736,-0.43204623721143376,-0.22533197360942034,0.1446186563904845,0.2260511322355745,-0.31579206764819606,0.024221065623520138,0.18687662426073948,0.29140667114103824,-0.009225070775216018,6.938893903907228e-18
-2.780488647667026,0.7779842919545777,-1.0508723557056243,-0.8498877076911244,-2.2034333556573356,-0.7608125983545696,-0.44442529093382765,0.4787149918239345,0.1445722895843078,0.17431505162730043,0.5285119016521703,0.8007171979226032,0.20912413558128135,0.03632092081209859,-0.6570324959211233,0.13260031170717068,0.6145058762916635,-0.3052498412836345,0.07705387865999393,-0.007254724938400055,-0.015422453908893283,0.15481903052927298,-0.24596323183882826,0.16143484062281863,-0.057022983902854735,-0.11861938502429958,0.009435046970062685,1.6653345369377348e-16
-1.0220964592099502,-0.352371357944123,-1.2767005784713281,-0.8987917448092656,-1.4247596440189392,-0.5992099830355654,-0.46105589904677424,1.637276298225563,-0.4212390554814964,-0.255551085787814,-0.24347024090938674,-0.5786331699240012,-0.23805128440300322,-0.3119646472214142,0.29188609141196564,-0.01955957073829746,1.2420054625103443,-0.07012678978562324,0.14895648951256993,0.38565358940313177,0.5870311327490161,-0.23131644569583865,-0.6011898366030297,-0.20026412438129126,-0.011350558292150814,0.10078708139395873,0.19151970911353233,2.7755575615628914e-16
-2.231226079067574,0.28646976408201863,-1.450118845928429,-0.24705813887684022,-1.8525065862606909,1.6835153250399946,-0.7675000593225315,0.1892632398366819,0.37986101746302287,0.016558864292305846,-0.4365856607395423,-0.8627109896211502,0.2569479862093117,0.4089650024340113,0.17330659579392124,-0.7041464251963369,0.07272483882058435,-1.4230911781989077,0.01685542815870524,0.3872917948900938,0.15079988200869401,-0.11682284409713727,-0.33893790371071136,0.08810435378025261,-0.06797461151441653,0.008718804717140816,-0.012933428759922434,5.551115123125783e-17
-1.3853727382399283,0.7863824658804628,-1.8327308972746097,-0.43743365605321893,-0.4263734069842709,-0.023907029927569205,0.3218939288938998,0.7735575334565734,-0.6269493255248804,0.22191467717001953,-0.6237132360364446,-0.5708459359998587,-0.09012240352959235,-0.2739804436533296,0.2479792288451051,1.3770083719686987,-0.028250568258137602,0.3595265640083015,0.2843463394891053,-0.08009593250173182,0.2527798258321318,-0.15442147236322606,0.36491970052103484,-0.15627962083594787,0.12008529799364603,-0.11808992765105564,-0.30456205847359796,9.71445146547012e-17
-2.4711389713359524,1.763154421302306,-1.1952635648890588,-0.5516556955416373,-1.3359477242583626,-1.5856049869135709,1.1843370002079652,2.0324082692147427,-0.2788869049639311,0.5374814277489736,0.8789156787196325,0.8449067449221948,0.059365370250702126,0.578678357867215,0.3074238132624435,0.6518705535505119,-0.8051024722586485,1.0997052453955916,0.029424972063015985,-0.4864540145610214,0.017206750930758623,0.13642558108910122,0.028168633541073972,-0.4528825734826696,0.14137738602154298,-0.12594656728602563,-0.021216041596831638,-1.3877787807814457e-16
-3.8490300902333083,2.0509811172590875,-0.973838380152464,-0.5941210170171869,-1.572205461122051,1.178493159353934,-0.5576861923940267,0.24810436913122727,-0.13949289884415095,-0.25120329237182887,-0.6719970702971119,0.3341879107813049,0.5277774102053241,1.2078653828350732,-0.8438045568551391,0.700926568965887,1.3593826591911418,-0.7402089458131197,0.8376346061703548,0.501870224254898,-0.40180232506165525,0.11848807761774442,0.11815043170096724,-0.019577738599788556,-0.006189883953571229,-0.3599376419828155,0.08914502724968884,2.498001805406602e-16
-1.8572759524211855,0.8143990386142432,-1.880032342789368,-0.6297315260677779,-0.5169458047895574,0.7513197730284679,0.9850188006629188,-0.6249499899129883,-0.15760470406741908,1.0349607203281213,-1.426891351923893,-1.2171786735428984,-0.2665317646179618,0.6139613511213379,0.4053172455674501,0.19689128799836017,0.2793069928422238,-1.0822305660631975,0.14974691411978064,1.0106410990440209,-0.056834508326483596,0.007849535723562187,0.4509704646766587,0.23450313096662193,0.3272774886804133,0.1232642328108555,-0.12826559349434413,-1.6653345369377348e-16
-1.4627047479716724,1.1992289329777763,-1.342868262201709,-1.7770227836792327,-1.1929057247101824,-1.5794308399902104,0.9350728940073588,0.8083872997338607,0.4956096724644382,1.096596939547122,1.489557763576728,0.40508207088339193,-0.7134008905956548,0.273548748211026,0.27703729600738736,0.12535696189080855,-0.5499825017119285,-0.325927217402412,-0.34957041642164344,0.0932969775566394,-0.5739788270379963,0.20559729596687712,0.2773546199437466,0.30847803915060806,0.27852581419615324,0.10742630034691394,-0.21265762288158538,-2.220446049250313e-16
-3.117698841635884,1.289805283393029,-0.6976223185896488,-0.9393770940976955,-0.7148632944364061,0.24570718750839982,-1.082343069707105,0.030718872428115662,0.03659746398084639,-0.9166165962490208,-0.1298614178924141,0.7109473909178115,-0.10827654265615681,-0.04894210620163282,-1.3098872760431866,0.8227452635210086,1.4150852956137179,0.2402387065584586,0.6718504676395635,0.48097883925395596,-0.5991901441205413,0.1768833217783431,0.49476705399186116,0.13902319812566202,-0.1394241645886955,-0.31865484083002477,-0.026716932470102206,1.942890293094024e-16
-0.8821712263925251,-0.6162778362123891,-1.5859214519681997,-0.6501994080607126,-0.796448759412245,-1.0221569574208966,0.12581362304627694,0.29419619164893385,-1.0077305785399309,0.5430847534580128,-0.10294309157897169,0.09621340561958178,-0.07865419499157149,-0.3617461399493539,0.020956811906232407,0.8464232545217273,0.20608225522827073,0.9916554709673698,-0.30456402637335567,-0.5297212350784977,0.5640238731414987,0.0013679474859481769,-0.5095720449216249,0.208135486902205,0.001407393127409562,-0.11756286620883635,-0.010316137283547744,1.942890293094024e-16
-3.189680771317982,1.3490893062822744,-0.37498875769252044,-0.17686340673324955,-0.04011910496981983,1.948662636998287,-0.08768668595223907,0.3215097511725837,0.5714776798662834,-0.10806266437566862,-1.041159632949992,0.3685862931564835,0.6925625215000264,0.9522587460074244,-0.15555383356458524,1.1046656762052853,-1.1869178081022176,0.41758874387241496,0.3251263971490966,-0.4478330088195225,-0.04344892616173084,-0.007824125165161823,0.17957913976276219,-0.23331107313762278,-0.08402751940292336,-0.10862009930986431,-0.1290479321533775,-5.551115123125783e-17
-2.283351511672172,2.0772952095415005,-0.5733557529898492,-0.7936312172759252,2.0392620201663956,0.3939096747593997,0.7218033559543993,0.1470646390287736,-0.10174163423875215,-0.34350846491435216,-0.9098019181457082,0.10591017739242707,-0.40734771994809194,0.48967849708607336,1.0652731979417802,0.7773598583374243,0.7163675538872036,0.6735641046193571,-0.20553709834517347,0.508590611821041,-0.5937890452721694,0.10999902961567119,1.1743053314923972,-0.45697808940982754,0.1327604538667441,-0.8566355602320735,-0.05505531489222185,-5.551115123125783e-17
-3.14925135512113,3.4472843300327214,0.6325653252611946,-0.17561160694661887,0.06611345856511941,-1.218359896147466,2.513722853461087,0.12725159879909698,0.15244113822145444,-0.09844527085775354,1.0891944321662552,-0.024080411973418227,-0.23975117570520207,0.06542717183083403,-0.13288965598331437,-1.3067330074989876,0.21542160371333632,-0.463190184345544,-0.489131539899622,-0.15490314266985236,0.07355360767455502,0.1166083539732775,-0.20401490585853907,-0.21786047414101364,-0.027365247417884236,-0.34161134125480586,0.19981304333474398,1.214306433183765e-17
-4.501028773293808,5.695010928407224,1.4145320696758468,1.5788150275667423,2.3242496029127944,1.0148073403102948,-0.2060948770298079,0.2388375979490631,1.0589078039790791,-1.0442126089695798,0.1272670174190966,-0.3848324514486985,0.14445172195220551,0.3637566253011983,0.03419237307760226,0.37347407117516573,-0.05638977668964859,-0.3902922949892191,0.47989649618731905,-0.43383387118474165,0.43443921908521,-0.4484963979902034,-1.0886829950956758,-0.11672586698946667,-0.11542966951985462,0.9169649538620952,0.1367943169548712,4.2245528126375525e-16
-3.2191009443353495,4.92857004392391,-0.1259298094623212,1.000660580888438,5.268923316435874,-1.054071041043386,0.8887718146097073,0.6191475371332616,-1.0323055514762838,-0.08552375961988587,0.7817073792705406,0.9951097011192591,0.020379032642064632,-0.5351447043386273,0.8320257105719739,0.9131218889354683,0.05061117019859228,0.48688036818514435,0.5337392370813465,0.7514879832007699,-0.6537819680015132,0.21044026507094582,-0.08593594393115137,0.1714092771984596,0.605965505230414,0.2100194092791463,0.0314512520761189,0.0
-4.985301551600644,6.217414087682522,1.5341311357437115,0.8277189515779679,3.288268783328044,-0.12979940172659388,-0.49789003548519867,-0.3852881685666434,-0.04955489138986496,-1.1452243287763044,0.759525406337199,0.5063983493571996,0.5566359643101876,-0.0621627576144586,-1.5818812374035585,-0.3315111448188767,0.8996554462309995,-0.5243466400670392,0.46332917268427176,-0.22028809689920886,0.03472853178779189,0.2782382089235361,-0.21403201353870535,0.8514145171664905,-0.39630735388037436,1.137370509094756,-0.030992504432084123,3.3306690738754696e-16
-2.9531154372544637,5.338956412910496,0.15446209826786303,0.561483380517455,4.191047136676207,0.13732193418222705,1.4745921686349939,0.0032045196425267253,-0.03581581021688236,-0.10307055148093565,-0.6273903455680407,-1.7273963416810978,0.12240501438814655,-0.6986538780208023,1.0553340622467389,-0.29330204506756585,-0.5265486748958913,-0.4095945991542365,-0.18614100548839654,0.11716891598882286,0.6526266683776569,-0.2648549089451112,-0.26259521099431493,-0.33537689258274905,0.34139961914254524,-0.2038176091343442,-0.019767692557977848,-1.1102230246251565e-16
-3.296879462258131,6.135419429381599,0.960439486233329,-0.7694126363675255,3.797028150038774,-1.42736638718519,1.4592610460516284,-0.1380073082114596,0.1314433894764186,-0.847511690987388,0.9759272368216158,-0.5027945787918965,-0.0379919987738932,-1.2429944628709333,-0.025682455690645447,-1.1474713371302032,-0.051963559242397414,-0.5882795635565664,-0.7556517307311407,-0.32357556178675,0.9466257104317637,-0.7486231663438218,-0.13786139814078088,-0.841699608130556,-0.3471155009754616,-1.1092925437702683,-0.12646270426583003,2.220446049250313e-16
-0.26626513425563975,-1.2685961546334652,-1.6360345467305317,-0.19039880469651374,0.4298724635580145,-0.7912902658399936,-0.49301986792226576,0.3038229679042924,-0.8256018302276417,-0.2656023522358207,-0.0017494718122242647,0.2302645341848477,-0.36243584521062927,-1.105661977931401,-0.30466188167302743,0.9342834672862844,-0.6608357430751948,0.8443933082557127,-0.22092240239648972,-0.6553943493698626,0.37289132572990197,0.09704282909253033,-0.1621897729414533,0.5787526146657844,0.10827624484117687,-0.18151904708526673,-0.25426216359528403,5.551115123125783e-17
1.20881967629352,-1.8474512245733885,-1.0874591799052014,-0.6974197110118013,1.5279929446396068,-1.1046177743700318,-0.04087965926350933,1.377346367064768,-0.5104796464316017,-1.1131560166311683,-0.4525236102864551,-0.21397087965220404,-0.06591358496035903,1.5288454887753766,-0.5880047460520607,0.18592536751752609,-1.0253052228978243,0.20238181219421725,0.1488564119530952,-0.628104727514571,0.8876718305131156,0.07201936634565044,0.3538051214938142,0.4984786259186211,-0.11735855735855616,-0.0840631037663848,-0.21440625039142946,-1.942890293094024e-16
3.1875688303910286,-0.5023793454954163,-0.7970815222450561,-1.2138104643538241,0.26638369406475926,2.104776119732781,1.596502408553266,0.9082075260183803,-1.723281687130559,-2.0798446334630123,1.5802225723161991,-0.47133401614894593,0.6918346465781542,2.2775723971528947,0.2361854599576469,0.03772563877534468,-0.5129953584039182,0.36223413343447003,0.46715243419398605,-0.2636102321582433,-0.6521085404082102,-0.9856783145238588,-0.24947420852443244,0.03852085263906341,0.0035284940166370182,0.17165643526366525,-0.4549629301108239,1.6653345369377348e-16
2.03053250930963,0.1191967189658559,-1.5412309586661939,-0.17459244196459298,0.11418334855922008,-0.8245549021818733,0.15843500046848746,-1.0513423645716011,-1.0782645345288961,0.24964728686039364,-1.0034219420074066,0.33249357683041314,1.7933355579397734,-0.20301727465202674,-0.8175557639417195,-0.1263791558252073,-0.02714493249718844,0.3109860791845165,0.3706867200573335,-0.46209231270006185,-0.8328078159534718,-0.7950968095574422,-0.4822988382896827,0.01582309238438444,0.574757579636825,-0.035495664817196126,-0.5144923534710257,1.6653345369377348e-16
2.08257566756334,-0.029715090554460886,-1.6529311961495603,-0.6610493568949436,1.1473727672399614,-0.7323077338169945,-0.9058038351320459,-0.9380360234066214,-0.6661186566857841,0.52144813870877,-0.7488306059042897,0.3893373563123932,0.28663624152623374,-0.5215208022528444,-1.3254928162713342,0.5534966478136941,-0.7522402910678044,-0.6254218014280045,-0.4826965463080273,-0.3611656627524257,-0.22632881914903608,0.28950650014065543,-0.2721599754309957,-0.23415520684106034,0.2378247518686979,-0.062268892535140064,-0.27739111832159946,1.1102230246251565e-16
1.825694791456322,-0.5813726373647982,-1.6021467224154187,0.43565922437065285,0.8282592511194812,-0.6757834299515543,-0.35274058588042423,-1.3451725059745059,-0.8610315048873317,0.13679682992816922,-0.549337327730381,-0.04835647830830376,1.1583156497114147,-0.09122744074956929,-1.0493719969461055,-0.27127219573292094,-0.4276567932641526,-0.4613703535056057,-0.20743200038111428,-0.13307659456018725,-0.21751864292291165,0.6955130040100194,-0.2628276758014406,-0.6549523324565798,0.15936408527216261,-0.06371923620170405,0.06903558732300247,-5.551115123125783e-17
3.5414110076084273,0.3050345088824623,-0.1110888631545612,-1.7058327057065903,0.6316480415946725,-0.5722961056259974,-0.6492983688979518,-0.553661665342931,0.6161616426172442,-0.09397953984301025,-1.3809845095500037,1.026976874686179,-1.1008452129352202,0.44016492155449966,-0.5841924471734047,-1.1465040150793036,0.5726127962755009,-0.19870168785131823,-0.031423294688855415,-0.03735472313695008,-0.744717115227738,-0.40455959360846167,-0.3541620103625317,-0.8394951156408479,0.07637602514033281,0.2463761660607884,-0.04703914787094457,0.0
3.781012920003092,0.43031836685925257,-0.6375467962077704,-1.3191029643383365,0.6402877695578357,0.8394648526629572,0.009006701962800198,-0.17275847122682506,-1.0453252798539499,-0.27093834392135635,-0.4742217520939964,0.5273293923937244,-0.0914631347102985,1.0772509358088833,-0.5143423097703902,-1.1401131578289587,-0.08340844379223403,-0.27971333855488734,0.6004628546330703,-1.2012019000149543,-0.7846500919132345,-0.030726035101188123,-0.2393610255096532,-0.8241305955329828,-0.1535659604784738,0.11261245925433999,-0.14042366098749703,2.220446049250313e-16
2.852102927924543,0.26006537995174406,-1.219841991436275,-1.614454959618349,0.7630183767198688,1.9086439870202543,-1.4556645946115612,-0.39732731402214416,0.32298628440538074,-0.9726377560923721,2.7983353042277725,0.06303101857147647,-0.8728361570404651,-0.6403030031171438,0.3411810428397731,1.2437056825691515,-0.40175898161108553,-0.07161905692573867,-0.4758280738686603,0.6077924252961844,-0.1822666696447502,0.011970294235698906,-0.18812893428106817,0.6747728860137788,0.21843963106230352,-0.0006700995931548936,-0.07092781922999153,2.220446049250313e-16
2.295496324635078,0.7770888377797409,-1.3603431203267455,-1.724762850395384,0.2787344054174631,-0.8424411562544397,-1.402016841307487,0.07274703869821282,0.18372659032647345,0.2446901658562789,-0.8445962636792474,0.47752115156067565,-0.7691627773547431,-1.0069291795502384,-0.35190135209942824,-0.11717684327409036,0.21965517512310184,-0.02604313853291323,-0.08279940027204608,0.042223180997943165,-0.6774285788870115,-0.36229555373081407,-0.325632555362829,-0.26687065794487125,0.5227731680530923,0.23141788843748828,0.06834217321306885,1.1102230246251565e-16
1.8831748408840914,0.3594107033644716,-1.6006873812306517,0.6314778863479893,0.32339455196767736,-0.45064801778050856,-0.8536441598665454,0.02890099912178261,-0.5127371803751454,0.021151165769365262,-0.6434058519957947,0.8996837165278472,-0.013162044128417611,-1.0127160576750096,-0.8874284767529671,0.1029848059447876,-0.2519707480217397,0.1700274673716646,-0.3272343583036443,-0.07612375750052211,-0.484581947764411,0.16356087979277942,-0.28723938608524696,-0.6543585597863963,0.4844804964640648,0.2086939870455144,-0.05240349988078469,5.551115123125783e-17
2.2851224931492773,-0.14387331523149222,-1.3658373122698904,-0.21636896765074518,0.6269375830147413,-0.5019466069648951,-0.3233558818769992,-0.8583314216202603,-1.1041858044717714,0.2547692489144612,-0.8403003266758303,0.6659868958918346,0.41607391311136893,-0.007079255746257657,-1.0595671245915759,-0.3397922707843543,-0.0742934350431423,-0.003320074237169858,-0.47765240210349375,0.009376039660290934,0.14933547210429104,0.6048659048583359,-0.15558209209943893,-0.5041762074533617,0.07820110092652749,0.07344396584224794,0.31246724069536974,-5.551115123125783e-17
3.859270213194166,0.7198445846318979,-1.5572986786532623,6.096121782228865,1.610470579846824,0.03699204461077284,-2.8280469088115288,-0.5090278281021138,2.3330728242883727,1.821584970471001,1.7502074797542564,-0.16778278321159587,-0.632947430768828,2.615210836620401,0.08581160012742295,0.7502486180895166,0.9006944538389206,1.232505531299808,-1.1064829114675427,0.8289768924197634,0.4719182570742598,0.4086072437634094,-0.3998524051629034,-0.5062940663168489,-0.31475475163322136,-0.17947212137457974,-0.1296074178435534,9.187104072722687e-17
2.2869506013426473,-0.23667132560166276,-1.5018665604158612,1.0593297013976746,0.8122701542802607,0.10486780646986785,-0.5593589370067164,0.01299587469180688,-0.8788027229827612,0.007171867692671242,-0.36887586508428,0.3488249257451677,0.00857058769435423,0.5325457087187271,-0.6957586946133212,-0.502936299802679,-0.3073191473101254,-0.29505403932075047,-0.3741970535976479,-0.20271444949010836,0.08284402335847672,0.6885661529021206,-0.006555767294282787,-0.5497149254178434,-0.024010148454487734,0.10509757972563805,0.29120420754077453,-1.1102230246251565e-16
4.066447916357593,0.08677592370629103,-0.3682695502812874,-3.2343914052683127,1.0540445066197006,-1.832881475100486,-1.8330389895881827,-1.8223400839798454,2.2367132449136307,-0.36240728595193916,0.5714484887561507,-0.5373097703438422,0.9843958650952712,1.1679899919434733,0.6311144058057019,-0.047061673833644194,0.7719889280511913,0.45770516492348334,0.08468430314724172,1.0620513709128103,0.06584349189795168,0.21058763857229887,-0.3435788730597303,-0.3078274514563399,0.39245269588764037,0.062382763820128445,-0.25464250658864157,0.0
4.864839844569629,1.1514425371953816,-0.13040260828898334,2.2490368591999705,0.2661348522283477,1.3066313582390425,0.19776630671277015,0.2660045927207312,-1.0039284031344553,-1.595159653900083,0.12329385654417845,0.9751877433558278,0.813552721469369,0.9950455382592548,-0.6281814548308265,-1.5033756237728135,0.1940201005124869,0.8735926608761222,-1.6474454524281958,0.8406673362328184,-0.5926875314905952,-0.4530440585879472,-0.18335433615451222,0.7809098178489701,0.3741982835912043,-0.13656216655767967,-0.41767303352318513,-3.885780586188048e-16
-0.7303141554455622,-0.5335574189392704,-1.2083307684895612,-0.11451825500708845,-1.3666478107689222,-0.03704333464189952,-0.6596478889427277,-0.12133962966713133,0.42367508222755224,-0.7905230344238996,-0.22162455422402602,-0.5667790161600775,0.8869730535369282,0.06294439483256331,0.9915934949973093,-0.6568681987291093,0.5601917381566259,0.24938065103718743,-0.21447794659479222,0.763573859575237,0.5493483117522476,-0.05093490623782217,-0.2490804537197099,0.02876932408530736,0.06251887809143375,0.0990994916790043,0.058434591302117596,-1.8908485888147197e-16
1.464893319789268,1.0942268644154443,-1.2313904185107563,0.09668109206127211,-2.2665394890159694,2.7863201519226024,1.7208877329006749,-0.38192668044790967,-1.0031168550225347,0.2372644634123708,0.8642518512991546,-0.6019467323575711,-0.04998726561124175,-0.48597766939268144,1.7700987253367486,0.31335145227629896,0.16115547169716746,-0.8906555966727738,0.42584577101131077,0.5311159924791475,-0.030938074118179865,-0.619163918061425,-0.33880842978608483,-0.4502327926836492,-0.35415985594047183,0.017865218327512845,0.04523505483218543,1.6653345369377348e-16
2.768885354389601,1.5182856244959868,-1.0790170353690338,0.9839507006937546,-1.593975132514009,-0.14948508479656827,0.5478482653858401,1.0770861837378194,-0.583684944791816,0.2960177647488492,-1.1160476743149454,0.859165668302071,0.27243452013618874,-1.1536718231698355,0.28757080734609103,0.1648765267149563,0.21685177456811353,-0.5295714248216763,0.2614192290774241,0.6009270407223996,0.44629081734653436,-0.550802675017582,0.37602866929752465,-0.8500446815792121,-0.29072089299759524,0.2404704339330839,-0.6978327612550832,5.551115123125783e-17
2.672960639750345,0.6590492718635178,-1.214607435412544,-0.6043204353004054,-0.7581612055509641,-0.038796675546012634,-0.2273058034171225,0.35401659745155767,-0.46462904334989674,-0.026682243959637985,-0.015155994271924458,0.3749319332736176,-0.044754289616490056,-0.695902062020369,-0.010030545679565187,-0.06004444484855972,0.25229429720232693,-0.19172382591182813,-0.5237753755952568,-0.10627527039968207,0.08661635889706049,-1.2125181275328838,0.4782106802850737,0.13869366797702387,-0.4233942141793038,0.250874397919821,0.09701870234103172,2.220446049250313e-16
2.046220770543052,-1.754241706285258,-0.5190308732412828,0.3502966935047929,-0.05327081132231618,1.3091370853327136,0.7207743634620809,-0.19070934617153193,-0.7461452883152482,-1.1728507218722408,0.9104044647233028,0.1951524181056647,0.11232649598717004,-0.5821499391153409,0.6882756867434345,-0.707440796842464,0.6011288488310071,-0.5813551293755463,-1.035784601459275,-0.7140171454976734,0.18466609470594422,-0.38056201524147953,0.574358357570787,-0.07980435897815231,-0.7122056914791342,0.3626178573919248,0.1687654288793288,2.636779683484747e-16
1.2039315222736149,-1.6942263946899483,-0.3464432509703665,-0.5187881536206065,-0.7979075979496499,-1.84627468386117,-0.209329267548076,-2.192362264016829,1.4983679369193896,-1.540701542173459,1.3213108100252813,-0.4701449920834544,3.869654038244604,-0.3732413419066728,2.846042003444691,-0.17763695733572069,0.770965554536027,0.6942906620378398,0.24724344479076515,-0.49973035818218076,0.5224174113793906,0.4118614312822119,0.3329746699204975,-0.11616489541837594,0.039162953699143466,0.08379429523063883,-0.1750412323670235,-3.3306690738754696e-16
2.1050078021007392,0.6008942096670725,-0.37007556233858346,-2.3040203828989014,-0.6222482207132247,0.8025434751901501,-0.08285773595061233,-0.4231014996954786,0.13808233152147292,-0.6440593823877708,1.290167308044265,0.23964775201657615,-1.140482360031074,-1.1247236829139602,0.189011372130482,1.7069275885365922,0.09889034093979784,0.7682689968041516,0.02521518972360271,0.19734023331512177,-0.36295347482125434,-0.9642947857104467,-0.27615035611484806,-0.4044006953071198,-0.46256649668233557,-0.022459053069855822,0.19135330376503834,6.661338147750939e-16
1.3739515907050517,-0.16614096467625394,-1.5552005145672543,0.1524230240700799,0.1314450331836205,-0.29628387595999195,-0.0796771045008907,-0.28034646778850025,-0.7305297715699622,0.0657728377758032,-0.7709774561669275,0.44850406206024745,0.13529050315812272,-2.005229016596457,-0.3779458237691031,0.6007993924448585,-1.1225731303511846,-1.0938995139387202,-0.37543045316569634,0.00554318292344459,0.08742435022476329,-0.09184423729458568,0.3717737159511445,0.03898896652814656,-0.10780673282729791,-0.06705606936122335,0.02605956349094185,-2.949029909160572e-17
-0.8298631332405475,-1.1979579690693318,-1.3086342465968133,-0.06158095841082506,-0.8071266551642031,-0.8488853187459879,-0.9294330051379119,-0.5425129530225076,-0.2514960042657232,-0.7746907572234888,0.4197987543917592,-0.4018040641439963,0.8886261836078878,-0.9345545607269475,0.28032813440690524,-0.329431938628623,0.5492221920132525,0.9741068700217567,0.18899993330429582,-0.4864778599431539,0.20878398979010676,0.05766176867350343,-0.3202982292457487,0.1499081475033795,-0.1544993352065202,-0.09326106793029618,0.005872183437624606,5.551115123125783e-17
1.4482767829188823,0.051681426689909424,-0.4219382862053045,-0.4633511860311626,-0.8340259010317749,2.355952305627785,0.7261959491119803,-0.8780478230264266,-0.5726598362468005,-1.7062788683191876,1.8418511769560661,-1.3795647932548365,-0.4771167014659779,-0.6136586281402558,-0.14477788060566152,-0.09123817061150895,-0.3672240591287069,-0.23772255571962075,0.043577101290080224,-0.09794708897788185,-0.6814356403216216,0.26753055538373827,-0.2351735206209664,0.5150954981030966,0.20897896383035625,-0.17989751460984235,0.26541442361992895,5.551115123125783e-17
1.912613146849912,0.6371605899293128,-0.8344229198261289,2.890362096183824,-0.23581819512571642,-0.19519624042937442,0.12608348422803747,0.09910339688336586,0.6495666293243768,0.04926913269436334,0.5646163313551766,-1.4212865759618585,-0.9759752064776845,-0.7585421131623102,-1.106009976240158,0.6661866412607621,-0.24018848403294907,0.3857656978520693,0.5984751857113348,0.11534833346105443,-0.2966811872769977,0.10557771768535205,0.3407178880180094,0.07565400167603002,0.032022200024489016,-0.14859887075837744,0.36706272204372864,2.220446049250313e-16
0.813612018336549,-0.0644457774468274,-1.5949277697343658,2.4768424511964766,-0.30543336737649474,-1.009787032989448,-0.48369053432468573,0.74210138304132,1.085778482933781,1.0262568397557335,0.7259233168913729,0.0006644774747805443,-0.6506093368091549,-0.2675044770128279,0.05791871167737475,0.5728513241563837,-0.5866081120437809,-0.8218228622202984,-0.22508452929958936,-0.847177275545707,-0.02935280432657385,-0.20210013244792432,0.6175753304756811,-0.15931479263470708,-0.24096044300020242,0.2747195932700822,0.07441264019795824,0.0
1.4648077705861537,-0.36605819352776864,-1.1743449388851053,-1.0155014047157893,0.5562106911433219,-1.128999151108634,-0.8455310807163887,0.7432813041833323,0.4118790037090209,-0.15327273281355322,-0.18047141869028188,0.10844145560399086,-0.10625328575416391,-0.6907239219470998,-0.33214972693529815,-0.11092352108379584,-0.5880849878080202,-1.1104721990940756,-0.39494610531865754,0.06500407761515332,-0.022205064679396924,-0.10987995477666544,0.48936784170399966,0.20060657973621854,0.024501614502273894,0.14159617448976522,0.44880904723840315,-2.220446049250313e-16
3.707604166417015,-0.5742401448418464,-0.5059148643036075,-2.850622585654099,1.6016923532643357,-1.8590948249478538,-0.6361024289602295,-1.5495419042791096,1.505163460963782,-0.00799956128977619,-0.3603144439493655,-0.3425851324786927,0.8623116147774528,0.624711077174999,-0.6411317939930913,1.4143716320057211,-0.6745295843042984,-0.9616144746391682,0.5559876097089403,-0.5246912624382553,0.017232047229543856,-0.407369025485124,0.3788268985345631,-0.029292323969908374,-0.014371357389414197,0.1721763058699644,0.11821743069803203,-5.159676658717406e-17
4.413469854329051,0.59953091156179,-1.555283928194698,-1.0367741668122221,1.0686827704652777,2.4125982604732688,0.5388842052909752,-0.9567409820335742,-1.5107843002901347,-0.3974797545750472,2.6016978781231495,-0.19633981611356044,0.5339052399230172,1.1824846297968337,-1.0111349801169716,2.0501268190130033,-1.262103792885958,-0.8020835598352127,-0.42580738072385976,0.36288478636005456,0.5566130217396067,0.21662333493161695,0.24261496084788683,0.10557092866262441,-0.335651648166997,0.0328040241744047,0.4453819457994215,5.551115123125783e-17
2.1739612858307753,-0.0037869933779134664,-1.8815296263740384,1.6908885306793504,0.5169728361109747,-1.227252741067511,-1.3944094886512348,-1.2408546185265497,0.7704019450051695,0.4687965700471562,0.816675083304615,-0.3751448855077386,1.929026785135618,-1.281630827984304,0.4356735427604119,0.6893123932880566,-0.6872900587269777,-1.013217407855256,0.5338766306282062,-0.7219240507803812,-0.3623333804962384,0.5702044305874971,0.32862386510079183,-0.16001613238269916,0.15799604113616572,-0.034737560138509316,0.31880322160647634,0.0
2.5972738460934695,0.1420260274261325,-0.7511452481901777,0.40218163136789475,0.3712707681426807,0.3675297206300745,-0.6291342890227669,-0.9957643600760929,-0.19435683972080572,-0.10192519912468195,-0.12164782095788626,1.2254091714949602,-0.3841560586896495,-0.3614724567284963,-0.05176008845500037,0.049613640461555496,0.3632790153622912,0.023500316591495148,-2.0484303638665105,1.5216954461252354,0.7127322356368111,0.7163366147338389,0.07240551747240852,-0.5204915310083317,-0.17081341253849036,0.36930627848751296,-0.006384052220684722,-2.220446049250313e-16
0.3662436911224607,-1.205942749196362,-0.6045840279481821,-1.5859889766381365,-0.2712631058981304,-0.970460144430345,-0.8428791131876177,-1.5299431278086408,0.7070709953078343,-0.5883452660994064,0.09295247980786434,-0.8465142813241571,1.0304001175507027,0.43407862414064435,0.5330842497904371,-0.08076935058252134,0.5662372252903327,0.8847220007010128,0.38693163963154187,-0.371535073126654,0.184203256499381,-0.10580316984755055,-0.243098622062735,-0.000978382760294978,-0.3423642433577846,-0.11169838118467595,0.1697539654345377,1.1102230246251565e-16
3.987353321092075,1.441700396619715,-0.1289952629520899,-3.3271166712874396,0.8120728800155133,0.8838587345564197,-0.9303463344136044,-1.2952959192970042,1.4569376139888013,0.9955982833237574,-0.42748962087833076,0.6221985547816787,-2.432755304224608,0.6580739820805968,0.9652853940647265,-0.11935354246108741,0.08690571876929018,0.581883451128235,0.45690942641759963,-0.08449697377714575,0.5008194890031075,-0.2736015835542696,0.03803564256382878,0.06878479781725644,-0.08499574183978224,-0.21125383459874172,0.33330249657583255,2.220446049250313e-16
7.62284197707731,4.824965882565723,0.311795283852637,-2.551380436244081,-0.4537458201068548,3.82471751806181,-0.27936115267179545,-0.9276690099653966,-0.4474787439468896,1.0848607939310018,0.6984363503571832,1.9446247958121088,-1.252980174556181,-0.7735545668302559,1.061990543126462,-1.8297660953249555,0.14265609286877806,0.08769848879780086,2.8156550845910964,-0.7591628614137141,0.9563145855665001,1.3334407772242067,0.208946065689789,0.10793331805312513,0.11781871965257817,-0.08747832063816746,-0.3428981628305621,0.0
6.81204835045595,5.934244884774626,-0.05799529866411347,3.7517559273609384,-0.6209270134868471,0.3134392394816876,-0.7966806767461548,1.4225854486902787,0.06759128635721423,2.105652506100727,-1.2364687478898286,2.594927604865736,0.7527951051163926,-0.3813383737662098,0.5045949675836593,-0.6426397030724668,-0.23935456611207617,0.9241723425771708,0.5883641343101239,0.24512376099699165,0.6935042063964927,-0.6128680764007449,0.3707244892816523,1.246551371209446,0.06499452224534802,-0.1508696524288715,0.29691704383939854,-6.661338147750939e-16
6.231211489723805,5.306117232396935,1.8882519657554655,-0.299401746012438,-1.8420894274061337,-2.0567825426826003,0.8741530134350797,1.7189691129756086,0.08966675799890207,-0.32160813257132037,-1.9576408048324623,-0.6139104457380932,2.4450975618087267,0.6430992758724609,0.5217353604979655,0.0625620524522568,-0.33819697839667623,0.7493567504213667,-0.0661838384639987,0.16607470728069562,-0.6926779590536224,-0.46246797950240076,-0.33043041926436917,0.557566811773888,0.05475212461724399,-0.22356661745020645,0.8369031970930294,-4.440892098500626e-16
6.252983565213817,3.55134281462424,3.9331294565468915,-2.0369090194095896,-2.311312154054923,-1.5136528006108267,1.7205758146979337,1.0308767663262233,2.548474903446199,-1.170107448882282,-2.335327535334176,-1.9135587894013997,-2.088547000993204,0.02816425930623067,-0.7862316307655265,1.1084768365668207,0.9830929165485317,-0.5066092254943224,-0.8886663665510375,-0.8021973225593018,0.21591028525015893,0.8549750240648829,-0.3109208879504114,0.11775480438106585,0.24148296181742157,0.057626269982660364,-0.07694555222188072,2.0503473520738422e-16
5.2631120502937865,2.8786806769580853,1.5186595957144915,2.239319399823151,-2.784861606349514,2.0438518563614076,3.049609146979913,0.29485552682835353,-0.6182305973019473,-1.8898583011396202,1.3207131075193357,-1.758745874433926,-0.044797256958454774,-0.5120731322991533,-0.46716968963250466,0.4350478465203734,0.8600514419333083,0.09207445431669298,-0.7037393640711483,-0.5047241825479769,-0.30927260145874513,0.8226447670184825,0.023226197625567605,-0.2774446600631359,0.17553412718921624,-0.13698369805968524,-0.08216656500392296,1.6154563553506264e-16
4.559330298136546,2.110563917739387,-0.08932106555200325,4.31820833521382,-1.355794499796317,-0.8208787235460839,0.4425949806299687,0.2907304819887931,0.9070071394829259,0.5461249334075339,-0.7173279279767112,-1.4043700015789116,0.2989331855378496,-0.20004382209303617,-0.6725094444217746,-0.7133580078893672,0.352856574033211,-0.3116053220769928,-0.23165881502345373,-0.08931251059618697,-0.5413085492534971,-0.5574353189571905,0.7164724118821654,-0.28223013478683245,-0.6150199614897013,-0.0033664044963992446,-0.2159829834967808,2.0739625392108991e-16
